{
    "accuracy_score": 0.9494949494949495,
    "f1_score": 0.9315068493150684,
    "precision_score": 0.918918918918919,
    "recall_score": 0.9444444444444444
}